from,to,value,block,tx_hash
0x0000000000000000000000000000000000000000,0x1DDF0976Ac842C696d01a86b39d25b067Ed8C7ff,100000000000000000000,11281296,0xc918c3d6b2f94e02809c6158de2c49f8b4ce46812ed43152308cc389d7d392fa
0x1DDF0976Ac842C696d01a86b39d25b067Ed8C7ff,0x00c94151e71D564a60fe43fD7E9C88CAdf8Ea087,100000000000000000000,11281296,0xc918c3d6b2f94e02809c6158de2c49f8b4ce46812ed43152308cc389d7d392fa
0x00c94151e71D564a60fe43fD7E9C88CAdf8Ea087,0x64631b5d259eAD889E8B06D12C8B74742804E5F1,100000000000000000000,11281296,0xc918c3d6b2f94e02809c6158de2c49f8b4ce46812ed43152308cc389d7d392fa
0x64631b5d259eAD889E8B06D12C8B74742804E5F1,0x86edd0c110D1Fc7F8A5e1108623b3B1B4E3740f9,100000000000000000000,11281497,0x936cb72c3c6f5c9b49867d079e769d04b5f03df7027f239bafdf6a22436f90f1
0x0000000000000000000000000000000000000000,0x1DDF0976Ac842C696d01a86b39d25b067Ed8C7ff,89611261035959600,11296143,0x76349db410a777b1b1f302d22e730d40ad6e5ef51f4a239d3e44fa405577ebcf
0x1DDF0976Ac842C696d01a86b39d25b067Ed8C7ff,0xDDaa0F78F9914044D416Fc1E62e7f7cB57916C40,89611261035959600,11296143,0x76349db410a777b1b1f302d22e730d40ad6e5ef51f4a239d3e44fa405577ebcf
0xDDaa0F78F9914044D416Fc1E62e7f7cB57916C40,0xD1B067580ad619B32Cc06309012B6b46d506Ed6e,89611261035959600,11296143,0x76349db410a777b1b1f302d22e730d40ad6e5ef51f4a239d3e44fa405577ebcf
0x0000000000000000000000000000000000000000,0x1DDF0976Ac842C696d01a86b39d25b067Ed8C7ff,3409792670230432,11296204,0xa6482fc9a04801d03a04ce754bbdb06b21f2aa89dd2d43cf3bee5331a6282b7f
0x1DDF0976Ac842C696d01a86b39d25b067Ed8C7ff,0xDDaa0F78F9914044D416Fc1E62e7f7cB57916C40,3409792670230432,11296204,0xa6482fc9a04801d03a04ce754bbdb06b21f2aa89dd2d43cf3bee5331a6282b7f
0xDDaa0F78F9914044D416Fc1E62e7f7cB57916C40,0xD1B067580ad619B32Cc06309012B6b46d506Ed6e,3409792670230432,11296204,0xa6482fc9a04801d03a04ce754bbdb06b21f2aa89dd2d43cf3bee5331a6282b7f
0x0000000000000000000000000000000000000000,0x1DDF0976Ac842C696d01a86b39d25b067Ed8C7ff,24357894744924335,11311072,0x55b284bbc26f2e19d1c0f298756ae3199d5547917f9cf99cca10c79610653420
0x1DDF0976Ac842C696d01a86b39d25b067Ed8C7ff,0x0AdC6E906fFa256f3445f1732B5C4C7C40645BC9,24357894744924335,11311072,0x55b284bbc26f2e19d1c0f298756ae3199d5547917f9cf99cca10c79610653420
0x0AdC6E906fFa256f3445f1732B5C4C7C40645BC9,0x8d07D225a769b7Af3A923481E1FdF49180e6A265,24357894744924335,11311072,0x55b284bbc26f2e19d1c0f298756ae3199d5547917f9cf99cca10c79610653420
0x0000000000000000000000000000000000000000,0x1DDF0976Ac842C696d01a86b39d25b067Ed8C7ff,144385457416042833,11311583,0x2ed96d6e50512fd1ba24959e514a8ed527335446ccfa07a51972aefa9bc4e73c
0x1DDF0976Ac842C696d01a86b39d25b067Ed8C7ff,0x73D605Ecd266B05a790747A621dB36A1Decf19c3,144385457416042833,11311583,0x2ed96d6e50512fd1ba24959e514a8ed527335446ccfa07a51972aefa9bc4e73c
0x73D605Ecd266B05a790747A621dB36A1Decf19c3,0x2e403B969a64BdD1CA18fE10BABA4546957bc31e,144385457416042833,11311583,0x2ed96d6e50512fd1ba24959e514a8ed527335446ccfa07a51972aefa9bc4e73c
0x2e403B969a64BdD1CA18fE10BABA4546957bc31e,0x1DDF0976Ac842C696d01a86b39d25b067Ed8C7ff,144385457416042833,11318985,0x98fe950b6b3668bed329382fb112d1853b076e70bedab59bed6c0008159026da
0x1DDF0976Ac842C696d01a86b39d25b067Ed8C7ff,0x0000000000000000000000000000000000000000,144385457416042833,11318985,0x98fe950b6b3668bed329382fb112d1853b076e70bedab59bed6c0008159026da
0x1DDF0976Ac842C696d01a86b39d25b067Ed8C7ff,0x9424B1412450D0f8Fc2255FAf6046b98213B76Bd,0,11318985,0x98fe950b6b3668bed329382fb112d1853b076e70bedab59bed6c0008159026da
0x0000000000000000000000000000000000000000,0x1DDF0976Ac842C696d01a86b39d25b067Ed8C7ff,15696886354560883,11336923,0xe8b5044c225084d723edcb192ca488681e815d6419309c8f40a014f2b7067a71
0x1DDF0976Ac842C696d01a86b39d25b067Ed8C7ff,0x73aaEe3C73f05A6b816B371142Fd0Ee5CF6CfC72,15696886354560883,11336923,0xe8b5044c225084d723edcb192ca488681e815d6419309c8f40a014f2b7067a71
0x73aaEe3C73f05A6b816B371142Fd0Ee5CF6CfC72,0x5490943FBCe24b8c2c1BA83721881813Fd8b4E72,15696886354560883,11336923,0xe8b5044c225084d723edcb192ca488681e815d6419309c8f40a014f2b7067a71
0x0000000000000000000000000000000000000000,0x1DDF0976Ac842C696d01a86b39d25b067Ed8C7ff,146937043453827811,11343855,0x305830898fcb537a9dcee22008bcd139d2d904c3d830cd31328e34e550d4f134
0x1DDF0976Ac842C696d01a86b39d25b067Ed8C7ff,0x73D605Ecd266B05a790747A621dB36A1Decf19c3,146937043453827811,11343855,0x305830898fcb537a9dcee22008bcd139d2d904c3d830cd31328e34e550d4f134
0x73D605Ecd266B05a790747A621dB36A1Decf19c3,0x2e403B969a64BdD1CA18fE10BABA4546957bc31e,146937043453827811,11343855,0x305830898fcb537a9dcee22008bcd139d2d904c3d830cd31328e34e550d4f134
0x0000000000000000000000000000000000000000,0x1DDF0976Ac842C696d01a86b39d25b067Ed8C7ff,23121186388146000,11349888,0x1a5e77c457fb69b89dd2d2aa01acba335e39a152b6fb311a954984d1eacc9dcb
0x1DDF0976Ac842C696d01a86b39d25b067Ed8C7ff,0xAA8641ed479dbB2111FAd3ED6D8624aF3583cf3E,23121186388146000,11349888,0x1a5e77c457fb69b89dd2d2aa01acba335e39a152b6fb311a954984d1eacc9dcb
0xAA8641ed479dbB2111FAd3ED6D8624aF3583cf3E,0xb507b498153588e30Ab09EA7C9c9D9504E9eeb1b,23121186388146000,11349888,0x1a5e77c457fb69b89dd2d2aa01acba335e39a152b6fb311a954984d1eacc9dcb
0x2e403B969a64BdD1CA18fE10BABA4546957bc31e,0x1DDF0976Ac842C696d01a86b39d25b067Ed8C7ff,146937043453827811,11351267,0x241a4c0bfa07f5dc0a4f3d8427865489abd6609d00d2a82bce10aaa5644c92e7
0x1DDF0976Ac842C696d01a86b39d25b067Ed8C7ff,0x0000000000000000000000000000000000000000,146937043453827811,11351267,0x241a4c0bfa07f5dc0a4f3d8427865489abd6609d00d2a82bce10aaa5644c92e7
0x1DDF0976Ac842C696d01a86b39d25b067Ed8C7ff,0x9424B1412450D0f8Fc2255FAf6046b98213B76Bd,0,11351267,0x241a4c0bfa07f5dc0a4f3d8427865489abd6609d00d2a82bce10aaa5644c92e7
0xb507b498153588e30Ab09EA7C9c9D9504E9eeb1b,0x1DDF0976Ac842C696d01a86b39d25b067Ed8C7ff,23121186388146000,11351830,0xd394afc85727079ce41198085bec642c9192544750f54c08cc8f453bbe0bc1c5
0x1DDF0976Ac842C696d01a86b39d25b067Ed8C7ff,0x9424B1412450D0f8Fc2255FAf6046b98213B76Bd,0,11351830,0xd394afc85727079ce41198085bec642c9192544750f54c08cc8f453bbe0bc1c5
0x1DDF0976Ac842C696d01a86b39d25b067Ed8C7ff,0x0000000000000000000000000000000000000000,23121186388146000,11351830,0xd394afc85727079ce41198085bec642c9192544750f54c08cc8f453bbe0bc1c5
0x0000000000000000000000000000000000000000,0x1DDF0976Ac842C696d01a86b39d25b067Ed8C7ff,7671300500565769,11364822,0x66b0248815ab783a948f7772e6b35be944a211bddbad2bf3ab590bca15f1a051
0x1DDF0976Ac842C696d01a86b39d25b067Ed8C7ff,0xAA8641ed479dbB2111FAd3ED6D8624aF3583cf3E,7671300500565769,11364822,0x66b0248815ab783a948f7772e6b35be944a211bddbad2bf3ab590bca15f1a051
0xAA8641ed479dbB2111FAd3ED6D8624aF3583cf3E,0xb507b498153588e30Ab09EA7C9c9D9504E9eeb1b,7671300500565769,11364822,0x66b0248815ab783a948f7772e6b35be944a211bddbad2bf3ab590bca15f1a051
0x0000000000000000000000000000000000000000,0x1DDF0976Ac842C696d01a86b39d25b067Ed8C7ff,16990044195987648,11369718,0xb51572db59183adaf338dd0d5420b385c588fb4b53ee2a2f2f6080357e452145
0x1DDF0976Ac842C696d01a86b39d25b067Ed8C7ff,0xEb0c4DF6BCB955afd89Bc08F4E237f6325Cf8216,16990044195987648,11369718,0xb51572db59183adaf338dd0d5420b385c588fb4b53ee2a2f2f6080357e452145
0xEb0c4DF6BCB955afd89Bc08F4E237f6325Cf8216,0x603ffa42b2Ce5E22C1a2a7dafbD014F60567ebBC,16990044195987648,11369718,0xb51572db59183adaf338dd0d5420b385c588fb4b53ee2a2f2f6080357e452145
0x5490943FBCe24b8c2c1BA83721881813Fd8b4E72,0x1DDF0976Ac842C696d01a86b39d25b067Ed8C7ff,15696886354560883,11370696,0x4d36c25f843112ff6364b4e6051576bd1fee8a340afbc36eff98fa724a231a43
0x1DDF0976Ac842C696d01a86b39d25b067Ed8C7ff,0x9424B1412450D0f8Fc2255FAf6046b98213B76Bd,0,11370696,0x4d36c25f843112ff6364b4e6051576bd1fee8a340afbc36eff98fa724a231a43
0x1DDF0976Ac842C696d01a86b39d25b067Ed8C7ff,0x0000000000000000000000000000000000000000,15696886354560883,11370696,0x4d36c25f843112ff6364b4e6051576bd1fee8a340afbc36eff98fa724a231a43
0xb507b498153588e30Ab09EA7C9c9D9504E9eeb1b,0x1DDF0976Ac842C696d01a86b39d25b067Ed8C7ff,7671300500565769,11375437,0xee5dc31de6600f204826ce14e6b18b2e05194666ec72470ecb2c25578931245f
0x1DDF0976Ac842C696d01a86b39d25b067Ed8C7ff,0x9424B1412450D0f8Fc2255FAf6046b98213B76Bd,0,11375437,0xee5dc31de6600f204826ce14e6b18b2e05194666ec72470ecb2c25578931245f
0x1DDF0976Ac842C696d01a86b39d25b067Ed8C7ff,0x0000000000000000000000000000000000000000,7671300500565769,11375437,0xee5dc31de6600f204826ce14e6b18b2e05194666ec72470ecb2c25578931245f
0x603ffa42b2Ce5E22C1a2a7dafbD014F60567ebBC,0x1DDF0976Ac842C696d01a86b39d25b067Ed8C7ff,16990044195987648,11381481,0x7fb949a9065ecdcd27283605f34d67107c87aea666f821d72ad66070d2472900
0x1DDF0976Ac842C696d01a86b39d25b067Ed8C7ff,0x9424B1412450D0f8Fc2255FAf6046b98213B76Bd,0,11381481,0x7fb949a9065ecdcd27283605f34d67107c87aea666f821d72ad66070d2472900
0x1DDF0976Ac842C696d01a86b39d25b067Ed8C7ff,0x0000000000000000000000000000000000000000,16990044195987648,11381481,0x7fb949a9065ecdcd27283605f34d67107c87aea666f821d72ad66070d2472900
0x0000000000000000000000000000000000000000,0x1DDF0976Ac842C696d01a86b39d25b067Ed8C7ff,8751382072751060,11384995,0x034f781f7c7182f537f4d182e46c94d3b89cce2f2f7b5b17312e454270c17354
0x1DDF0976Ac842C696d01a86b39d25b067Ed8C7ff,0xAA8641ed479dbB2111FAd3ED6D8624aF3583cf3E,8751382072751060,11384995,0x034f781f7c7182f537f4d182e46c94d3b89cce2f2f7b5b17312e454270c17354
0xAA8641ed479dbB2111FAd3ED6D8624aF3583cf3E,0xb507b498153588e30Ab09EA7C9c9D9504E9eeb1b,8751382072751060,11384995,0x034f781f7c7182f537f4d182e46c94d3b89cce2f2f7b5b17312e454270c17354
0xb507b498153588e30Ab09EA7C9c9D9504E9eeb1b,0x1DDF0976Ac842C696d01a86b39d25b067Ed8C7ff,8751382072751060,11394920,0x6179c1f5654b94e13fd073b371794d039c8941c476689e170864bb6abcaea450
0x1DDF0976Ac842C696d01a86b39d25b067Ed8C7ff,0x9424B1412450D0f8Fc2255FAf6046b98213B76Bd,0,11394920,0x6179c1f5654b94e13fd073b371794d039c8941c476689e170864bb6abcaea450
0x1DDF0976Ac842C696d01a86b39d25b067Ed8C7ff,0x0000000000000000000000000000000000000000,8751382072751060,11394920,0x6179c1f5654b94e13fd073b371794d039c8941c476689e170864bb6abcaea450
0x0000000000000000000000000000000000000000,0x1DDF0976Ac842C696d01a86b39d25b067Ed8C7ff,17204216861628448028,11425474,0xb2083dec444e52a5dd319faec1cbec84a54bcbdc52270efd5100c33f712fff5c
0x1DDF0976Ac842C696d01a86b39d25b067Ed8C7ff,0x00c94151e71D564a60fe43fD7E9C88CAdf8Ea087,17204216861628448028,11425474,0xb2083dec444e52a5dd319faec1cbec84a54bcbdc52270efd5100c33f712fff5c
0x00c94151e71D564a60fe43fD7E9C88CAdf8Ea087,0x64631b5d259eAD889E8B06D12C8B74742804E5F1,17204216861628448028,11425474,0xb2083dec444e52a5dd319faec1cbec84a54bcbdc52270efd5100c33f712fff5c
0x64631b5d259eAD889E8B06D12C8B74742804E5F1,0x86edd0c110D1Fc7F8A5e1108623b3B1B4E3740f9,17204216861628448028,11425503,0xca5c69ca230b96e49cb5a6fc1ffdf60131708c548d07133e6b8a3694c84afe62
0x0000000000000000000000000000000000000000,0x1DDF0976Ac842C696d01a86b39d25b067Ed8C7ff,2418978308576256,11427663,0x1655d0c385e73ca72be52eeed64af3d6c3c0436fc2a51f374daaabaabf415bc6
0x1DDF0976Ac842C696d01a86b39d25b067Ed8C7ff,0x4b22C52A42A4E2d2028228e5622Fa3EE25D116A8,2418978308576256,11427663,0x1655d0c385e73ca72be52eeed64af3d6c3c0436fc2a51f374daaabaabf415bc6
0x4b22C52A42A4E2d2028228e5622Fa3EE25D116A8,0xE2495Bc3e9D5b631112982541aFE07F543DEf36d,2418978308576256,11427663,0x1655d0c385e73ca72be52eeed64af3d6c3c0436fc2a51f374daaabaabf415bc6
0x0000000000000000000000000000000000000000,0x1DDF0976Ac842C696d01a86b39d25b067Ed8C7ff,2776582524926914,11440657,0x0fb79802871afe9c04e52e6621cb19c146906a38ecb655b5b8f60f19735eed44
0x1DDF0976Ac842C696d01a86b39d25b067Ed8C7ff,0xAA8641ed479dbB2111FAd3ED6D8624aF3583cf3E,2776582524926914,11440657,0x0fb79802871afe9c04e52e6621cb19c146906a38ecb655b5b8f60f19735eed44
0xAA8641ed479dbB2111FAd3ED6D8624aF3583cf3E,0xb507b498153588e30Ab09EA7C9c9D9504E9eeb1b,2776582524926914,11440657,0x0fb79802871afe9c04e52e6621cb19c146906a38ecb655b5b8f60f19735eed44
0xb507b498153588e30Ab09EA7C9c9D9504E9eeb1b,0x1DDF0976Ac842C696d01a86b39d25b067Ed8C7ff,2776582524926914,11453161,0x4727995b2b1968c0c29c49a7cbdca946a426f71de2dabe39a5f5d26a97b96454
0x1DDF0976Ac842C696d01a86b39d25b067Ed8C7ff,0x9424B1412450D0f8Fc2255FAf6046b98213B76Bd,0,11453161,0x4727995b2b1968c0c29c49a7cbdca946a426f71de2dabe39a5f5d26a97b96454
0x1DDF0976Ac842C696d01a86b39d25b067Ed8C7ff,0x0000000000000000000000000000000000000000,2776582524926914,11453161,0x4727995b2b1968c0c29c49a7cbdca946a426f71de2dabe39a5f5d26a97b96454
0x0000000000000000000000000000000000000000,0x1DDF0976Ac842C696d01a86b39d25b067Ed8C7ff,252857159547296015,11509474,0xd6f75516e36dd2a3c4cc90eeadafdaead2586f698a824d5d7f6a2ac179521bad
0x1DDF0976Ac842C696d01a86b39d25b067Ed8C7ff,0x73D605Ecd266B05a790747A621dB36A1Decf19c3,252857159547296015,11509474,0xd6f75516e36dd2a3c4cc90eeadafdaead2586f698a824d5d7f6a2ac179521bad
0x73D605Ecd266B05a790747A621dB36A1Decf19c3,0x2e403B969a64BdD1CA18fE10BABA4546957bc31e,252857159547296015,11509474,0xd6f75516e36dd2a3c4cc90eeadafdaead2586f698a824d5d7f6a2ac179521bad
0x2e403B969a64BdD1CA18fE10BABA4546957bc31e,0x1DDF0976Ac842C696d01a86b39d25b067Ed8C7ff,252857159547296015,11509556,0x5c30f55034bb60fabcd4f41480b56381b7d4f5c34dcebef86336850249d05140
0x1DDF0976Ac842C696d01a86b39d25b067Ed8C7ff,0x0000000000000000000000000000000000000000,252857159547296015,11509556,0x5c30f55034bb60fabcd4f41480b56381b7d4f5c34dcebef86336850249d05140
0x1DDF0976Ac842C696d01a86b39d25b067Ed8C7ff,0x9424B1412450D0f8Fc2255FAf6046b98213B76Bd,0,11509556,0x5c30f55034bb60fabcd4f41480b56381b7d4f5c34dcebef86336850249d05140
0x0000000000000000000000000000000000000000,0x1DDF0976Ac842C696d01a86b39d25b067Ed8C7ff,885590302392285190,11509768,0xad1e00200e3ecd32bd90b04064e3843cf7c48f935e8f154068764492286098c5
0x1DDF0976Ac842C696d01a86b39d25b067Ed8C7ff,0xA8605061937650fa0fD018cda6de9342a28d646c,885590302392285190,11509768,0xad1e00200e3ecd32bd90b04064e3843cf7c48f935e8f154068764492286098c5
0xA8605061937650fa0fD018cda6de9342a28d646c,0x6Fb34dC6feBaDd5cFCEc48AfdFDC44449deBec48,885590302392285190,11509768,0xad1e00200e3ecd32bd90b04064e3843cf7c48f935e8f154068764492286098c5
0x0000000000000000000000000000000000000000,0x1DDF0976Ac842C696d01a86b39d25b067Ed8C7ff,1654758589677656477,11540119,0x20fcaae001bce0166411484223a33e865d3c08e51323a67c1db5b329db1226dd
0x1DDF0976Ac842C696d01a86b39d25b067Ed8C7ff,0x6bcb32Ef1f41CAB29f9EE37C4a48775424016e4E,1654758589677656477,11540119,0x20fcaae001bce0166411484223a33e865d3c08e51323a67c1db5b329db1226dd
0x6bcb32Ef1f41CAB29f9EE37C4a48775424016e4E,0xdff92A1D3c7832CBCc762eE5F326679dd801648E,1654758589677656477,11540119,0x20fcaae001bce0166411484223a33e865d3c08e51323a67c1db5b329db1226dd
0x0000000000000000000000000000000000000000,0x1DDF0976Ac842C696d01a86b39d25b067Ed8C7ff,772212179789170106,11641327,0xbad2c8c0953e1df90d8e3ca6608fd50d9d26595c6a451c5bc900eefcb5d2c109
0x1DDF0976Ac842C696d01a86b39d25b067Ed8C7ff,0x6bcb32Ef1f41CAB29f9EE37C4a48775424016e4E,772212179789170106,11641327,0xbad2c8c0953e1df90d8e3ca6608fd50d9d26595c6a451c5bc900eefcb5d2c109
0x6bcb32Ef1f41CAB29f9EE37C4a48775424016e4E,0xdff92A1D3c7832CBCc762eE5F326679dd801648E,772212179789170106,11641327,0xbad2c8c0953e1df90d8e3ca6608fd50d9d26595c6a451c5bc900eefcb5d2c109
0x0000000000000000000000000000000000000000,0x1DDF0976Ac842C696d01a86b39d25b067Ed8C7ff,273762338227108179,11681429,0x30b8982b14e2429a03d6aa0a548e11b17da97de432fbd7ae598e0cbfdd362d36
0x1DDF0976Ac842C696d01a86b39d25b067Ed8C7ff,0x40cD68D8c3795fb846c58c4FF8ba0E40b8f9B27D,273762338227108179,11681429,0x30b8982b14e2429a03d6aa0a548e11b17da97de432fbd7ae598e0cbfdd362d36
0x40cD68D8c3795fb846c58c4FF8ba0E40b8f9B27D,0xd30391E21741C54c32987bCfcA3D880E6D261Cb0,273762338227108179,11681429,0x30b8982b14e2429a03d6aa0a548e11b17da97de432fbd7ae598e0cbfdd362d36
0xdff92A1D3c7832CBCc762eE5F326679dd801648E,0x1DDF0976Ac842C696d01a86b39d25b067Ed8C7ff,627000000000000000,11681511,0x7fb11c99003076949c5d6f6ece5bab409153da29ef53b887cfa266d311160284
0x1DDF0976Ac842C696d01a86b39d25b067Ed8C7ff,0x9424B1412450D0f8Fc2255FAf6046b98213B76Bd,0,11681511,0x7fb11c99003076949c5d6f6ece5bab409153da29ef53b887cfa266d311160284
0x1DDF0976Ac842C696d01a86b39d25b067Ed8C7ff,0x0000000000000000000000000000000000000000,627000000000000000,11681511,0x7fb11c99003076949c5d6f6ece5bab409153da29ef53b887cfa266d311160284
